rank,token_address,symbol,name,source
1,DHSZ2zaQ2mNtTJFXH3iNUG1oWXr6ZFj4TyfqVdexpump,,,DexBoostsTop
2,4ky1REfghVawQ6EPZGdx7zss5KNKStwE8swjii3uU5sD,,,DexBoostsTop
3,7Rw4dgDuwESJEcCAbhxAghLcmkXM5QotupWq8PPc1UeC,,,DexBoostsTop
4,BMdxkiQTJbLjZF4on3ivYDibWVCMsriEHra469zM49hV,,,DexBoostsTop
5,8z55m3BmsPkmDfi5b5dAomBvYi1cDmW92hrEJTLdpump,,,DexBoostsTop
6,CmLrhRd762bfytq6f3ZV5iuivN1Q8oyPw4evyW4Mbonk,,,DexBoostsTop
7,EFRoRp8wJsLy5kUZYSL95Tqp6ijVPsejWYMCn7ZjcG8L,,,DexBoostsTop
8,3vgopg7xm3EWkXfxmWPUpcf7g939hecfqg18sLuXDzVt,,,DexBoostsTop
9,7kN5FQMD8ja4bzysEgc5FXmryKd6gCgjiWnhksjHCFb3,,,DexBoostsTop
10,AMKKkovbUqr5cxmsg22KxTgaRXq6z4f8umrze4JKpump,,,DexBoostsTop
11,6k1rwsNMBwbRJrWck3sEVCjn4MvF9ty8A6iSGfxjxREV,,,DexBoostsTop
12,8wbfBYthc9fC4GsHgCtznZP1PAoXaZ8tnUGBtGMgpump,,,DexBoostsTop
13,GuLvigFjAm1yyReTk6EeboHNnLj1tCi62pzWLorxbonk,,,DexBoostsTop
14,2JaJ353mgRVrGbrxsvHr17hseGtf1kD4ixErXGcNP1LL,,,DexBoostsTop
15,EVGox5PPxnFqTsMXMoUBSCUhszqK6UUYf9W7pkwfpump,,,DexBoostsTop
16,9h5y3WCqfeNt2fiAP7iM2ZRp9apFb58ipvTzcWi9pump,,,DexBoostsTop
17,LGiKAMtb4BuPdhpThjEbNWbDddqdM5FnxMMHqtzpump,,,DexBoostsTop
18,B9zze29or7CJs1nBrigSCWSibfxvkmieFXcGg5cxbonk,,,DexBoostsTop
19,GvV7sFu6FHJsSVXfpG7xqFnWar3c7YkcC74rqe7Bpump,,,DexBoostsTop
20,CZkxnM5PNPak31JSFNzJ76CWcYRu4mgxvBwcHaBJpump,,,DexBoostsTop
21,DiiTPZdpd9t3XorHiuZUu4E1FoSaQ7uGN4q9YkQupump,,,DexBoostsTop
22,4CBToKTRKfBsv8RMfzMr6VfKQ8PLRYeG6RFGZmq4pump,,,DexBoostsTop
23,7gdDoYLX33ZMh66Ut2teMgxqTeVYD5wYa29AHeHhQt9a,,,DexBoostsTop
24,FyrBf5xKg5EwKZ9pHvSpJeLLuCWBicTpm3VvZcsibonk,,,DexBoostsTop
25,2Jz5Wf6PGs4x1dJH4FvfMcgEERTmPadLBDsFmtyCpump,,,DexBoostsTop
26,VnqKnEybGaw6G5ZAdjvPDri5RzDLPXznqxBunG13GJE,,,DexBoostsTop
27,5YsAgujq8omt58Acn94WNLqFuywBDy4JgW635xJspump,,,DexProfilesLatest
28,mDJpLmXubnSYmesFYSeYck9AxmA76rpn6nnAs9ppump,,,DexProfilesLatest
29,Hcz9pkmcmxW4DWkz9CxDFz5Q2Kswkq1jTkjB9hVgJ4Kp,,,DexProfilesLatest
30,8AgJibpuXYU79bMSzhBv9BCUioxYkoeRVDYz3Tjopump,,,DexProfilesLatest
31,DKffyw1oEVWR3ik7q7tb2shhmZ3jbTkRzT6R5banCxai,,,DexProfilesLatest
32,6EPZ1REL6fdby6GwbCJsFoU5EvHMaQJ9zjvwVYVpump,,,DexProfilesLatest
33,4Wt3BgMs8m1qiCcMXwSf2SC5gnJW6Adi7uq7cZTCpump,,,DexProfilesLatest
34,YzHXweqcZUNDko66bJpfqXyx7aPfiQnHGNiLCM8pump,,,DexProfilesLatest
35,3hiutVNCbwCY1vmoPKdXtMtuzg4epn1WzuU1jgpHpump,,,DexProfilesLatest
36,9zFU5vR7YNBzZU8HwJLUKjoDEonpgvHUdLbMgBa7pump,,,DexProfilesLatest
37,6rhFUUZsUbjD4tSHrLetmCuvuM3L2ASTLEAgemZtpump,,,DexProfilesLatest
38,7gxdgFPkUQWL2FXJ4ThUPmRkzavB5PqBQHwAFKVYbonk,,,DexProfilesLatest
39,HnhYV3WnVV5CMyJXLYWtPAmeYtCZHsdn8YCwyCCjpump,,,DexProfilesLatest
40,TarDAwtsqWLJ213YunSa1Samp3QPuvvU9FXsLSEpump,,,DexProfilesLatest
41,EzcwA7anSrdoH1TMKjbBTd91GD7KwMco9kFZh1AApump,,,DexProfilesLatest
42,GcPf1ZsZHvnjauhXoFvGMmc2gM73aJ63AYxYC6JAQVoG,,,DexProfilesLatest
43,7oBcd1aAkUjUTcfZsR3rQvnG5oMPDzjX9uDnRVn6pump,,,DexProfilesLatest
44,4w4Kj3PmKjJWpsBVCNPeziC2ySdJ6A7cPfqnhyXxpump,,,DexProfilesLatest
45,HW2B2wvyEir3iqvYbYqbHWyR7rA6DqCR3WQSy4USpump,,,DexProfilesLatest
46,iD9FqgeKmp58a4pTvh45MtKkHkudKNptFRdR8m6pump,,,DexProfilesLatest
