address,symbol,name,first_seen,last_updated,update_count
FfTMftfnF64keWwxiREcSBca2PsQtkorb2LWCEdZpump,ACTIVITIES,REAL LIFE ACTIVITIES,2025-11-04,2025-11-04,1
447veSTPUpNG16GxaNFm8tEC8sc5sao5AEkM6amgn55R,FALCONS,THE FALCONS,2025-11-04,2025-11-04,1
7oBcd1aAkUjUTcfZsR3rQvnG5oMPDzjX9uDnRVn6pump,Jewcat,Jewish Cat,2025-11-04,2025-11-04,1
H2zbT5whzb2ZpM1fQ8gqhTQ5V3ytywSYMdto9Dcy5r3e,COUNT,Counting live till $100M,2025-11-04,2025-11-04,1
6jPg6gSrwtJyHWGTs7tUh2Zs1GzfKzHQNUGfAK1xpump,retail,retail,2025-11-04,2025-11-04,1
4h49bD28nPPLXWB1ZmP8JPuv4iKk3KzFpS8bSmGJpump,MOONCOIN,MOON COIN,2025-11-04,2025-11-04,1
2Jz5Wf6PGs4x1dJH4FvfMcgEERTmPadLBDsFmtyCpump,NeverDie,MEMES WILL NEVER DIE,2025-11-04,2025-11-04,1
C8Hyu6bjPtuaTJ4Fj6V6L99rhUkkCuKByNZTyXiCpump,Streamless,Streamless coin,2025-11-04,2025-11-04,1
6NVo6X8ouYRVoKRWe7Y9J6CT4pWZXDthSJCBZ3vgUg8z,Bagwork,African Bagwork,2025-11-04,2025-11-04,1
FwYBWjDBDqqfLQYewPZm1Vv555ireHpgUyJP4rMYpump,HAMSTERUN,Hamster Runner,2025-11-04,2025-11-04,1
iD9FqgeKmp58a4pTvh45MtKkHkudKNptFRdR8m6pump,MINDWORMS,mindworms,2025-11-04,2025-11-04,1
4Wt3BgMs8m1qiCcMXwSf2SC5gnJW6Adi7uq7cZTCpump,BIRCHY,BIRCHY,2025-11-04,2025-11-04,1
6asZKPjABE4c7V46psw1yDrmCQBzefGtxKCzR8zmbonk,BONKZ,Bonkzilla,2025-11-04,2025-11-04,1
AkhHVVk58FmoS8h1fDWzHMZ9YrnqHcZi97mFzhjbpump,KENNY,KENNY KO,2025-11-04,2025-11-04,1
DHSZ2zaQ2mNtTJFXH3iNUG1oWXr6ZFj4TyfqVdexpump,UPC,Upcoin,2025-11-04,2025-11-04,1
4Xs7RvaV3nbWBvb6yWjxvwPKkBxefXe1bPJcvnVspump,BULLCOIN,BULLCOIN,2025-11-04,2025-11-04,1
6rhFUUZsUbjD4tSHrLetmCuvuM3L2ASTLEAgemZtpump,AMG,ASCII MEME GENERATOR,2025-11-04,2025-11-04,1
7Rw4dgDuwESJEcCAbhxAghLcmkXM5QotupWq8PPc1UeC,JIFFPOM,Jiffpom,2025-11-04,2025-11-04,1
Fk6e19okXWGxtrHmXBLzkFeDPR2uuyeVYsqGyt89pump,GAZABOY,GAZA BOY,2025-11-04,2025-11-04,1
Hcz9pkmcmxW4DWkz9CxDFz5Q2Kswkq1jTkjB9hVgJ4Kp,Fun,Cult of Fun,2025-11-04,2025-11-04,1
qG9NJP4pgFxWWfpFWV7GcYkTKyafDGsnUGCDZLRpump,1,1 pill can change your life,2025-11-04,2025-11-04,1
6k1rwsNMBwbRJrWck3sEVCjn4MvF9ty8A6iSGfxjxREV,APOLLO,Apollo AI,2025-11-04,2025-11-04,1
HovYQgKum9HALgJmxGdESHNjsn3xezzio5HQVgiPHo1t,Hosico,Hosico Cat,2025-11-04,2025-11-04,1
8wbfBYthc9fC4GsHgCtznZP1PAoXaZ8tnUGBtGMgpump,1,1 pill can change your life,2025-11-04,2025-11-04,1
HW2B2wvyEir3iqvYbYqbHWyR7rA6DqCR3WQSy4USpump,$CrepSol,Crepe on Solana,2025-11-04,2025-11-04,1
9h5y3WCqfeNt2fiAP7iM2ZRp9apFb58ipvTzcWi9pump,AUSBAGWORK,AUSSIE BAG WORKERS,2025-11-04,2025-11-04,1
GcPf1ZsZHvnjauhXoFvGMmc2gM73aJ63AYxYC6JAQVoG,IDIOT,IDIOT,2025-11-04,2025-11-04,1
9zFU5vR7YNBzZU8HwJLUKjoDEonpgvHUdLbMgBa7pump,FARTWORM,FARTWORM,2025-11-04,2025-11-04,1
EVGox5PPxnFqTsMXMoUBSCUhszqK6UUYf9W7pkwfpump,1Bull,One bull run to change your life,2025-11-04,2025-11-04,1
B9zze29or7CJs1nBrigSCWSibfxvkmieFXcGg5cxbonk,DREAM,Dreamsync,2025-11-04,2025-11-04,1
AMKKkovbUqr5cxmsg22KxTgaRXq6z4f8umrze4JKpump,RUECAT,Rue Cat,2025-11-04,2025-11-04,1
CZkxnM5PNPak31JSFNzJ76CWcYRu4mgxvBwcHaBJpump,AI4,AI‚Å¥,2025-11-04,2025-11-04,1
7kN5FQMD8ja4bzysEgc5FXmryKd6gCgjiWnhksjHCFb3,LION,Loaded Lions,2025-11-04,2025-11-04,1
GvV7sFu6FHJsSVXfpG7xqFnWar3c7YkcC74rqe7Bpump,RAGEGUY,Rage Guy,2025-11-04,2025-11-04,1
3iE3HmcrKQyNdqoVo4Xrjz291VvtcKtUgJnQDxUepump,PUMPFOLIO,Retail Summer,2025-11-04,2025-11-04,1
GCU5AT6U8bKYK76KBssLf5a3a3KoNoMGStaVdfeipump,Mementoe,Mementoe,2025-11-04,2025-11-04,1
BMdxkiQTJbLjZF4on3ivYDibWVCMsriEHra469zM49hV,BEANS,BEANS,2025-11-04,2025-11-04,1
Eo2cfEkpeVZrKjRtG34WZc3qzyeZeXjCRGWsEs4JTaNH,MoneyBear,The Money Bears,2025-11-04,2025-11-04,1
LGiKAMtb4BuPdhpThjEbNWbDddqdM5FnxMMHqtzpump,SUPRACOIN,GIVING CAR AWAY AT 10MIL MC!,2025-11-04,2025-11-04,1
HpQUbEAcHrhwSJyYfXLNZvJz9SBksRJJStn86gFdbonk,1% Club,The 1% Club,2025-11-04,2025-11-04,1
4bLnK5YuJaqkVX4uWtJ1Qtx3XoZ8eHH37STXSwujpump,DARE,DareCoin,2025-11-04,2025-11-04,1
HxMQWY4DLbUrPXyejuKvu2KJ618zdTRs9dXEuFGrpump,BLUB,Blub,2025-11-04,2025-11-04,1
B1PrDviUajpkxghL1v2w2P8jnxu3FNjcxUDdBNanPLyR,Supershiro,Super Shiro,2025-11-04,2025-11-04,1
EFRoRp8wJsLy5kUZYSL95Tqp6ijVPsejWYMCn7ZjcG8L,WSTPANDA,Wall Street Panda,2025-11-04,2025-11-04,1
HJ5HdKrTmvE26k7oKq8JFWvudnzge1gFpe6EKZXUbREV,PROFIT,Profit Protocol,2025-11-04,2025-11-04,1
3vgopg7xm3EWkXfxmWPUpcf7g939hecfqg18sLuXDzVt,HAROLD,Harold,2025-11-04,2025-11-04,1
8ghXDEBVbbYtfdV2cU8jpqsNmiZtDkSjBYmRzj8cpump,1cat,1 cat can change your life,2025-11-04,2025-11-04,1
mDJpLmXubnSYmesFYSeYck9AxmA76rpn6nnAs9ppump,1SOL,1SOL,2025-11-04,2025-11-04,1
3hiutVNCbwCY1vmoPKdXtMtuzg4epn1WzuU1jgpHpump,Gaming,Gaming Cult,2025-11-04,2025-11-04,1
9kfdKdj5yiZgozQB9V6qRvBxat5WKHcpNESNjAPxpump,2,TWO IS BETTER THAN ONE,2025-11-04,2025-11-04,1
8AgJibpuXYU79bMSzhBv9BCUioxYkoeRVDYz3Tjopump,19,Cult of 19,2025-11-04,2025-11-04,1
3nJXYRGSFdfhVAg48cLE3iF3Hhda4CXqTt9XS56Mpump,YOU,YOU can change your life.,2025-11-04,2025-11-04,1
CAamcXXVWM8b8DcpcT2rpEwwfNfBD2MXjHjCwRDBpump,7,7 Coin,2025-11-04,2025-11-04,1
EzcwA7anSrdoH1TMKjbBTd91GD7KwMco9kFZh1AApump,obvious,in hindsight,2025-11-04,2025-11-04,1
8X4TnmkHzavxEJuaYTkqjFbUgrwBgaXVuRHhGFR2pump,viewer,in a streamers world,2025-11-04,2025-11-04,1
DKffyw1oEVWR3ik7q7tb2shhmZ3jbTkRzT6R5banCxai,AI20X,Ai20x.ai,2025-11-04,2025-11-04,1
Axix4KAvD9m5iYvUx7wztZnKJfJs7KXxPzPmMv6Npump,MMGA,MAKE MEMES GREAT AGAIN,2025-11-04,2025-11-04,1
4ky1REfghVawQ6EPZGdx7zss5KNKStwE8swjii3uU5sD,MOCHI,MOCHI CULT,2025-11-04,2025-11-04,1
9iQikUHRe69UScUaytfQabQDmZRqtTkjCEF94ZV5pump,SLOW,Slow Runner,2025-11-04,2025-11-04,1
7N8qk43L1PCcaqudkEasGpKqcunX1ChXYo2VB1g8bonk,RWA,Real World Asses,2025-11-04,2025-11-04,1
F2yfGhxEi7Hw2mr2XQ3MLrdamiPt2rkdMf8PSyAGpump,Noxi,Noxi Labs AI,2025-11-04,2025-11-04,1
4w4Kj3PmKjJWpsBVCNPeziC2ySdJ6A7cPfqnhyXxpump,ORE,Ore Labs,2025-11-04,2025-11-04,1
4Y6HDaV4374KstQX8qD1L35WiQDwHZaHLez8xs6GrKcf,REVIVE,reviving the memes,2025-11-04,2025-11-04,1
9NcUwy9JVekfsY4UA62ZaTprn4TDnJZwp5B6vMAAtkzt,FLY,Nexa,2025-11-04,2025-11-04,1
CmLrhRd762bfytq6f3ZV5iuivN1Q8oyPw4evyW4Mbonk,Pochita,Pochita,2025-11-04,2025-11-04,1
2JaJ353mgRVrGbrxsvHr17hseGtf1kD4ixErXGcNP1LL,PILL,Getpilled,2025-11-04,2025-11-04,1
6UMuZxH9jLT3txQkQo6jWXX2HpHrM1mPkGRjE66pzhEp,FATMEOW,BIG FAT CAT,2025-11-04,2025-11-04,1
VnqKnEybGaw6G5ZAdjvPDri5RzDLPXznqxBunG13GJE,YAO,YAO MING,2025-11-04,2025-11-04,1
DiiTPZdpd9t3XorHiuZUu4E1FoSaQ7uGN4q9YkQupump,ELIZABETH,Just Elizabeth Cat,2025-11-04,2025-11-04,1
GS3pHMUtYSu5PPuDFey74frkiRQhPdvx8jEeN6Qzbonk,pibble,pibble,2025-11-04,2025-11-04,1
99YFbXS6iA7s1qkRDTMBXEywtLNmrRtHtGKvNxpKWcdT,MOON,Moon Moon,2025-11-04,2025-11-04,1
8z55m3BmsPkmDfi5b5dAomBvYi1cDmW92hrEJTLdpump,PILL,PumpFun Pill,2025-11-04,2025-11-04,1
JFjfTn5VJkHpacwz7rbnGXDxRUCySZhZ2EdTkrAmoon,HOODIE,Hoodie,2025-11-04,2025-11-04,1
4CBToKTRKfBsv8RMfzMr6VfKQ8PLRYeG6RFGZmq4pump,grandma,101 Year Old Pumpfun Livestreamr,2025-11-04,2025-11-04,1
8erRtd8mLgNcNoWy2bhMdTgZyXaRR6u7t2hyXRc1pump,1dog,1 dog can change your life,2025-11-04,2025-11-04,1
FyrBf5xKg5EwKZ9pHvSpJeLLuCWBicTpm3VvZcsibonk,FARTLESS,FARTLESS COIN,2025-11-04,2025-11-04,1
GuLvigFjAm1yyReTk6EeboHNnLj1tCi62pzWLorxbonk,SHITTER,SHITTERCOIN,2025-11-04,2025-11-04,1
3BrXeqzNKUKsM6MgkWFZX4E2cY8SiwYNwwmVzP2Rpump,walkusa,WALKING ACROSS AMERICA,2025-11-04,2025-11-04,1
14GMPMf3cRANLfJ9QYU19F5XogVGPjCB7f3NLACrpump,DETECTIVE,Just can't prove it,2025-11-04,2025-11-04,1
2UfyNHveDrYDogW1LypkworjhYVEte8tLDqRTZbguPLx,T-2049,Token 2049,2025-11-04,2025-11-04,1
BVvSqvTb9ZVNEkP5UsamR1egAWSGEZiQDU42FS7mmoon,CRND,Crundle,2025-11-04,2025-11-04,1
7PzU4m13VqkdgWcserfBdxX4cAPQXaZuFNuKarnT1deV,VIBECODER,Vibe Coding Meta,2025-11-04,2025-11-04,1
Et2bFLuPCW77hGW2g7UdrboPVuxatFZt4BaCzhCqpump,BAR,BullArena,2025-11-04,2025-11-04,1
HD3JBABeFkdZwUgKwhwJYqjLNrPWXEaDVfH4uMqRpump,USEFUL,USEFUL COIN,2025-11-04,2025-11-04,1
9n4nbM75f5Ui33ZbPYXn59EwSgE8CGsHtAeTH5YFeJ9E,SOL,Solana,2025-11-04,2025-11-04,1
5NnL7oRMtVW3ZqAt95gJQs12Fbz2caCYh9rgy1kQpump,Useless,Useless Coin,2025-11-04,2025-11-04,1
2sjdF9vLNWkTpK2XgY2kVWCL4YTMu6vaVA4VxrzUpump,67,67coin,2025-11-04,2025-11-04,1
6FtbGaqgZzti1TxJksBV4PSya5of9VqA9vJNDxPwbonk,gib,gib,2025-11-04,2025-11-04,1
44DNPJ2qisA7MMaUmKK5SXvAcPyV7bEzmnK7oYJkbonk,1nu,1nu,2025-11-04,2025-11-04,1
CEqFiJoB6HLncfeieBw3PKKm9wyqrpSHV3VH4qZApump,CHARLIE,RIP CHARLIE KIRK,2025-11-04,2025-11-04,1
3vz82EWYv8xnc7Cm7qSgERcpMeqw92PcX8PBz88npump,USDUT,unstable tether,2025-11-04,2025-11-04,1
7ukFzJA7V6f28YieCjXcEXqiK8tAfbyXyvK6b36pump,early,not wrong just early,2025-11-04,2025-11-04,1
A8YHuvQBMAxXoZAZE72FyC8B7jKHo8RJyByXRRffpump,XBT,XBT,2025-11-04,2025-11-04,1
So11111111111111111111111111111111111111112,wSOL,Wrapped SOL,2025-11-04,2025-11-04,1
